Price,Close,High,Low,Open,Volume
Ticker,HOMEFIRST.NS,HOMEFIRST.NS,HOMEFIRST.NS,HOMEFIRST.NS,HOMEFIRST.NS
Date,,,,,
2021-02-03,523.5241088867188,635.1159841538824,518.0164745755103,614.0777550649091,24532661
2021-02-04,556.2722778320312,589.1197190388981,511.0698944289399,513.848514750794,7574165
2021-02-05,543.7188720703125,571.6044102159412,540.8409784161249,565.6501976095252,1179817
2021-02-08,532.6043090820312,551.1616164321744,529.9249013992824,547.8371448476854,828561
2021-02-09,537.0203857421875,551.657825144087,529.2798608572019,533.596701361426,739612
2021-02-10,548.8295288085938,550.7646599981393,538.1119583495334,540.9401850785277,676897
2021-02-11,544.7608642578125,554.0890946256325,542.825732986124,548.1845487278176,292700
2021-02-12,546.4478759765625,565.6501870458942,538.9058371409883,545.7532057382439,763879
2021-02-15,513.9974365234375,543.5700149055637,497.52410824389307,497.52410824389307,859299
2021-02-16,503.478271484375,523.7225871278799,501.59277699078143,519.5050201069544,570066
2021-02-17,524.6157836914062,530.9173012636984,504.1233440036613,504.1233440036613,807258
2021-02-18,539.253173828125,543.8180456036157,525.9554090691903,530.9172525509751,534485
2021-02-19,550.1692504882812,566.4936677109615,532.1577337341425,538.0623398167239,1057354
2021-02-22,533.99365234375,566.6426116378543,529.9745706272714,550.7647100858303,536525
2021-02-23,530.3218383789062,545.5050668273675,526.6500622074724,535.7798660320337,155268
2021-02-24,526.7989501953125,539.799017741506,507.1004538573738,533.8944113018925,77095
2021-02-25,553.7417602539062,559.0509088171185,528.2874776919015,531.8104351956171,399541
2021-02-26,533.5470581054688,549.6730495506708,530.9172568112689,540.9401564971506,254453
2021-03-01,526.4515991210938,544.4631153828659,523.474492999768,533.9935770673673,327207
2021-03-02,532.0585327148438,534.9363657653856,520.0012281026497,529.875309337941,298815
2021-03-03,534.837158203125,543.8180834157308,529.9249207007305,532.9516333211933,383507
2021-03-04,539.650146484375,543.3715295199459,528.1386925220966,529.9249442652936,303360
2021-03-05,526.0546875,541.8333759731256,523.474552794549,539.8486383321984,224014
2021-03-08,519.8523559570312,535.8791358209098,519.0088667302515,530.6691997782065,213512
2021-03-09,514.6920776367188,525.8562261007135,513.0546449675801,523.1768183554784,173801
2021-03-10,516.0813598632812,526.4020191618205,513.7989238365029,518.0164910529301,243978
2021-03-12,511.16912841796875,519.5050503009812,509.08517823190704,518.9096532676443,314517
2021-03-15,498.020263671875,513.4516159184338,492.76069112154636,513.4516159184338,200377
2021-03-16,494.1003723144531,511.0698832321076,492.21487783131136,500.25307040122027,174018
2021-03-17,474.9972839355469,495.9362700799004,471.9209348325905,494.10038188259654,211420
2021-03-18,465.6194152832031,483.0850805178983,463.0392505556764,477.27974773682547,471459
2021-03-19,464.37896728515625,475.8408141994417,455.2987690221067,464.3293306769904,454857
2021-03-22,466.21484375,476.13853161428005,456.24154956027536,461.4514856890224,293107
2021-03-23,449.9896240234375,471.07746006506983,447.5583084600553,467.10798504546847,243069
2021-03-24,452.5201721191406,461.79882644211847,449.6423086604091,449.6423086604091,227214
2021-03-25,462.1461486816406,463.63470183786063,452.5697658155389,456.1919360567607,323493
2021-03-26,455.29876708984375,471.97058013995735,451.5773843042859,462.79116926891464,143941
2021-03-30,444.28350830078125,458.474369529484,442.8445614773425,454.008710086015,111325
2021-03-31,444.9781494140625,455.44765808491985,441.60410166056056,441.60410166056056,96033
2021-04-01,458.8216857910156,461.3026076020575,444.68043146807713,444.68043146807713,142753
2021-04-05,444.4323425292969,459.46672275695465,439.9170466294457,458.57359695540185,146809
2021-04-06,448.79876708984375,459.7644296610813,444.03540920475655,444.58119990326145,141410
2021-04-07,456.7873229980469,460.459099482799,447.8560042580788,449.4438003132335,114265
2021-04-08,500.104248046875,516.031754509692,455.4972602306704,455.4972602306704,452247
2021-04-09,488.394287109375,510.0775509244845,486.2607002976603,496.13478173390786,175579
2021-04-12,439.222412109375,475.34462833058575,436.64224731828335,475.34462833058575,210201
2021-04-13,453.41326904296875,458.2262634654891,442.6956988169915,442.6956988169915,93100
2021-04-15,465.5697937011719,470.7797296464561,444.82929285212157,444.82929285212157,142324
2021-04-16,472.7148742675781,480.3064893753535,461.20339036610653,466.41332645953753,134284
2021-04-19,459.66522216796875,465.4209488673775,451.87512133787715,457.9781831605431,81219
2021-04-20,471.42474365234375,479.26448069043784,460.7071736963845,460.7071736963845,165120
2021-04-22,470.8293762207031,481.2988546565726,467.05835671443464,470.4820410933941,124439
2021-04-23,465.2720947265625,475.24538855516187,462.9896284296093,473.26065105417166,86175
2021-04-26,461.7491760253906,474.352271503481,460.50871506434595,470.2835534943162,58831
2021-04-27,462.9400329589844,472.8637206965832,462.34460563779015,462.44384857210446,105421
2021-04-28,468.4476623535156,474.7988466630212,464.57743023563586,464.57743023563586,76644
2021-04-29,474.8980407714844,479.31409370730137,468.4972806722941,473.3598813631113,110708
2021-04-30,493.9019470214844,509.2340565722155,474.0545716986952,477.3293765130789,357479
2021-05-03,485.0698547363281,502.13861011907477,476.53550732964703,500.15387252967133,106976
2021-05-04,507.1500549316406,520.9936115818347,499.2607412699308,510.02794863289375,662382
2021-05-05,529.3790893554688,535.9783047968705,507.79507036586404,510.07750623709603,554063
2021-05-06,517.272216796875,534.8867623089028,511.2187915810578,530.9172872639389,182358
2021-05-07,512.3599853515625,520.1997228854884,507.7951132238228,518.5126838576253,103902
2021-05-10,507.39813232421875,515.2378697165734,502.63477441403325,511.06990883164286,88908
2021-05-11,501.0469665527344,507.9935476742786,500.15384075118817,505.11568440943404,69289
2021-05-12,486.9553527832031,505.90957148755615,486.31028887451515,496.43246213537964,81793
2021-05-14,489.3370361328125,493.356117451926,477.5774604015707,491.0736814433637,114266
2021-05-17,501.2454833984375,502.13860925519407,487.69965543100164,496.18439649722734,79312
2021-05-18,508.8866882324219,511.5164896753029,495.68819583263655,501.2454669479587,118246
2021-05-19,503.9744567871094,510.4744900259209,496.7301470137943,506.20728639062,71359
2021-05-20,506.1576843261719,509.7798546023641,497.4744574977229,506.1080780010289,123566
2021-05-21,507.44775390625,514.4439715927336,505.1156813440888,510.82180151644343,65284
2021-05-24,508.5889892578125,519.0088612328506,507.1004361185213,510.8218189667492,62489
2021-05-25,527.5928344726562,535.3332980851237,513.6996729125534,513.7988855530888,380407
2021-05-26,526.7989501953125,536.7723050329465,519.3065779126665,532.9020425076511,115695
2021-05-27,556.37158203125,557.9593478551965,525.6577561048018,526.2531531464358,871463
2021-05-28,541.5852661132812,564.5586277858768,536.8715143697392,559.6959964963639,144243
2021-05-31,564.5089721679688,575.0281178737463,535.8791562867018,535.8791562867018,506247
2021-06-01,565.5013427734375,569.024300508325,559.6960094562992,569.024300508325,190182
2021-06-02,561.234130859375,564.3601166296361,548.3333371918792,561.0853118894557,111788
2021-06-03,558.5547485351562,565.3525110799064,554.783759251682,564.657840813886,67647
2021-06-04,565.799072265625,569.619667760657,549.0280160079851,562.8219659881303,171280
2021-06-07,559.4478759765625,572.9937334762973,557.5623511468492,566.1463649572131,151941
2021-06-08,549.7723388671875,567.3868858254773,548.3829982596237,563.963201204214,86615
2021-06-09,550.1692504882812,559.0012958813546,545.8028038298899,554.1883317480616,299451
2021-06-10,555.776123046875,559.6959918411998,551.90592114705,554.4860557469333,74457
2021-06-11,555.776123046875,559.6959918411998,552.7494103821779,555.6769103966424,73915
2021-06-14,550.91357421875,557.6120637484973,545.9020632261711,550.7646946681124,82167
2021-06-15,544.3142700195312,558.7036171759272,542.4287451299056,554.4860499059491,108207
2021-06-16,545.5547485351562,550.7150784159869,540.8409967288043,548.6310675915478,170278
2021-06-17,542.0318603515625,545.8028497450144,537.0700162629714,545.8028497450144,80412
2021-06-18,536.6730346679688,543.0242192126676,521.340924601467,542.0318504131449,104496
2021-06-21,527.3943481445312,543.2226407357592,524.7645469095712,535.9783009019077,48508
2021-06-22,537.5165405273438,539.8485827877373,527.9401581674197,527.9401581674197,109892
2021-06-23,531.314208984375,535.7798679896136,525.4592096164224,533.8943432929844,50264
2021-06-24,531.3638305664062,544.661534755667,526.3523807637906,530.9172525391799,181497
2021-06-25,530.9172973632812,535.0356520285255,526.3027583079778,529.9249285831629,61212
2021-06-28,523.2760620117188,531.8600764560222,519.1577677870287,528.1882997408466,50226
2021-06-29,526.6004638671875,528.1882295262228,521.4897409413435,522.9782939602055,26857
2021-06-30,537.11962890625,540.841012016455,521.0432417562872,526.6005435424919,74827
2021-07-01,546.0013427734375,550.2189103039775,538.4593033183692,538.9554877337268,86541
2021-07-02,529.3790893554688,552.4516613788394,525.9554052639318,552.4516613788394,86540
2021-07-05,532.0089111328125,537.7646988628817,528.9325919551994,534.6387127877367,65612
2021-07-06,527.8409423828125,535.829498404203,525.9554176013953,531.9096298761281,83761
2021-07-07,540.940185546875,545.5547244975264,525.0622854250734,526.2531400480849,539248
2021-07-08,569.6196899414062,580.1884418658082,545.3066543951268,545.5547465945785,733152
2021-07-09,595.073974609375,618.5434603665107,565.7494281403979,573.3906800073615,1204107
2021-07-12,591.6502685546875,610.3067891833257,585.4975701108327,607.3296828946266,203665
2021-07-13,584.8029174804688,611.2991763619835,579.5929813182927,594.875484955096,294596
2021-07-14,586.589111328125,601.871613457349,578.3524632743239,580.5356865169813,274967
2021-07-15,577.4097900390625,599.0434793831464,573.5891942016337,590.4594646193287,158925
2021-07-16,569.3219604492188,578.6998571922898,567.6349214708313,575.5738714214723,98820
2021-07-19,550.566162109375,567.634916466654,547.5890559041303,567.634916466654,154711
2021-07-20,532.753173828125,557.3639688828433,524.9631028621777,547.7875855953159,214660
2021-07-22,538.40966796875,544.1653947627698,533.0509129133729,538.6577601630559,103192
2021-07-23,547.6883544921875,551.5585563966731,526.0546666096745,544.7608544741976,114554
2021-07-26,556.3218994140625,561.6311085910177,544.6615665514308,547.6883397074494,99369
2021-07-27,543.669189453125,560.6883375553449,541.0890549593838,560.6883375553449,72848
2021-07-28,554.337158203125,558.6043922734759,537.566162709663,539.8485987153553,71401
2021-07-29,561.234130859375,567.8830135557299,552.7493902150136,556.7188651896278,235287
2021-07-30,595.5701293945312,604.7495403297853,562.7722937595507,564.6082122882306,648462
2021-08-02,589.7647094726562,600.2838540909406,585.5967487963314,597.4059606176885,146761
2021-08-03,572.1502075195312,594.726597245765,570.4631684810569,590.4594236091887,239371
2021-08-04,586.6884155273438,595.1235498795334,574.7303842360571,575.4746607965445,150937
2021-08-05,585.696044921875,592.1960480822996,576.7647262243623,586.440321480001,80057
2021-08-06,578.3029174804688,585.4975912715171,567.9326514194946,585.4975912715171,172137
2021-08-09,568.7761840820312,582.8181658193304,555.825723193308,582.8181658193304,147346
2021-08-10,574.7303466796875,578.9975199004288,565.6005426870969,565.6005426870969,393149
2021-08-11,556.4707641601562,577.1616279087559,547.7875377911837,568.9745859037246,142699
2021-08-12,571.902099609375,578.4517697135817,559.398277563116,560.4402526387406,114167
2021-08-13,577.3601684570312,580.9823388846547,562.8220015580926,571.6044414039933,142224
2021-08-16,570.3639526367188,579.9403355298818,565.6502009620351,577.5090199206421,32695
2021-08-17,573.1921997070312,584.257136152363,565.7494336413961,565.7494336413961,60476
2021-08-18,571.3067016601562,581.0815096228341,570.6120314210716,570.6120314210716,149862
2021-08-20,552.2532348632812,597.4060150722288,536.8715185283651,568.6273199939984,511134
2021-08-23,555.776123046875,561.9288215958854,549.7723040425969,552.3524386424804,96706
2021-08-24,556.4212036132812,559.3487037152504,552.005150297028,552.005150297028,133909
2021-08-25,561.9287719726562,565.6501545685016,557.6615987099625,560.4402189343181,40290
2021-08-26,555.57763671875,576.4173810786259,544.6119738242157,564.7074415998104,278313
2021-08-27,555.8257446289062,562.4250214238747,548.0852800474039,562.4250214238747,66079
2021-08-30,566.0471801757812,568.1311304001505,550.8142829579198,550.8142829579198,41192
2021-08-31,566.2952880859375,570.6120682002197,552.9479154202465,552.9479154202465,24903
2021-09-01,566.444091796875,575.325804558967,565.6502088807438,575.325804558967,26673
2021-09-02,569.173095703125,574.2342127698297,563.7150674702011,563.7150674702011,34253
2021-09-03,575.2761840820312,587.3830951057084,566.6425637291985,566.7417763777553,392731
2021-09-06,570.612060546875,574.730415298576,569.8677839461617,574.730415298576,35746
2021-09-07,572.6463623046875,585.4975494445066,569.6692561210714,569.6692561210714,57340
2021-09-08,577.112060546875,581.4785074720878,570.6616633801741,572.6464009699282,50034
2021-09-09,572.1005859375,582.0242734646032,570.6120328084345,582.0242734646032,28049
2021-09-13,570.7112426757812,574.9288098542546,567.7341364321529,574.9288098542546,117186
2021-09-14,574.4822998046875,577.5586187351458,570.6120374101527,570.860129600331,279089
2021-09-15,569.0242919921875,579.8906818555158,565.6998201831503,575.5739018196225,67573
2021-09-16,557.6616821289062,572.4976084108141,554.4364833967257,570.6120833857844,68367
2021-09-17,570.1654663085938,572.1005975294651,558.4555269032203,564.6578317333316,327351
2021-09-20,548.6807250976562,566.9402743881587,540.9402001241799,564.6578382980189,37805
2021-09-21,552.0546875,556.173041771608,531.214945109399,547.8867269080042,44831
2021-09-22,559.9440307617188,565.5509380622278,539.8485648814799,544.3142239659774,82737
2021-09-23,594.0319213867188,604.3525808206037,562.4250002956932,563.9631597750382,1104291
2021-09-24,597.45556640625,609.7609625693052,580.5356921090832,598.7953004988983,214053
2021-09-27,602.6159057617188,623.4060425782839,587.6311623040002,597.1578777968123,438075
2021-09-28,581.6769409179688,602.4174105199147,576.5166115358354,601.9212261671977,140745
2021-09-29,589.9632568359375,595.1235867556125,574.8792388281895,581.4785156345122,67346
2021-09-30,585.5967407226562,604.3525332228405,582.1234503018353,594.3792399855017,85862
2021-10-01,590.9556274414062,594.4785246095056,580.0891768380524,584.4556238378337,343716
2021-10-04,589.1693725585938,599.8373372289335,583.5624645738704,595.371677599489,53143
2021-10-05,595.0242919921875,600.3831075935026,582.5700760063972,584.6044198769283,64504
2021-10-06,588.4746704101562,597.0090174564799,583.5128266461583,595.3220390322261,325500
2021-10-07,596.0663452148438,606.3373380889235,587.4823308488424,600.3831252762662,290394
2021-10-08,618.1961059570312,624.4976230984165,591.1044520272148,600.3334690051462,326538
2021-10-11,627.0778198242188,649.0091443584258,620.2304514128687,621.2228201351293,748191
2021-10-12,667.71533203125,686.5207331636426,606.883135868874,622.5129446837351,818627
2021-10-13,647.8182983398438,672.8260025852054,643.0549405239132,669.6504105181247,139105
2021-10-14,652.482421875,661.9099245484791,645.1885361395862,652.8297266931135,117404
2021-10-18,631.8908081054688,659.3794348789785,626.7304784381594,655.9557505421513,120439
2021-10-19,635.3145141601562,658.9328793482185,627.9213545294958,631.8908297062924,92368
2021-10-20,639.5816650390625,653.4252213380358,617.7991586697827,639.0854806596683,201072
2021-10-21,621.7686767578125,642.5588158078671,616.8564389477979,632.7343401878378,68862
2021-10-22,634.867919921875,654.7649016250107,620.7762712892167,633.1312745762505,213014
2021-10-25,650.596923828125,664.8870579582641,595.4212459327738,636.8030346389778,257286
2021-10-26,680.2191772460938,717.730704182473,660.0244366803188,673.8183866434831,1408562
2021-10-27,703.9863891601562,711.5283671504568,682.7992807980792,684.535926045657,230711
2021-10-28,694.3604736328125,703.4902788665613,679.9215194538491,702.5971227031674,156804
2021-10-29,699.8680419921875,710.5360057659075,665.1351366824015,699.5703434891225,181971
2021-11-01,695.2039184570312,726.5131405298827,686.2725996715939,694.5092482153987,300684
2021-11-02,738.6200561523438,748.2460452408035,700.6123447480202,718.9215604888102,399157
2021-11-03,724.6773071289062,742.3414594339196,719.6162505400115,741.2994843208394,103857
2021-11-04,727.0590209960938,743.6811982920327,719.7154676943131,727.4063258461656,35105
2021-11-08,720.8070068359375,738.8681299367472,719.7154254545895,734.1543784429047,76609
2021-11-09,719.8643188476562,732.1696550636323,719.6162266589948,728.1009673973382,37796
2021-11-10,723.7344970703125,734.3528545129569,713.9596893832637,720.4596924005497,63384
2021-11-11,716.3413696289062,737.2307806121989,694.6581363159404,733.658216712373,80841
2021-11-12,735.3948364257812,767.3987280193362,714.505486739833,714.505486739833,435221
2021-11-15,727.6544189453125,740.9521850262776,720.2116529826942,735.3452771066846,182276
2021-11-16,731.375732421875,740.2078380859286,719.7154001885548,732.0704026262464,165082
2021-11-17,787.7423095703125,801.7843517519975,724.4291947964953,724.4291947964953,668585
2021-11-18,767.150634765625,817.711833683085,737.8261509021526,793.894984158335,536367
2021-11-22,762.5361938476562,807.490487412829,750.1811904378818,759.4102079667239,267090
2021-11-23,780.3491821289062,781.9866148776604,762.5362106135334,764.1239764667494,121197
2021-11-24,802.5782470703125,813.7423957930835,786.0056764079669,787.64310911506,218491
2021-11-25,850.4600219726562,877.2539783241868,794.0934888729423,798.7576341294925,458788
2021-11-26,800.8416137695312,840.5363653814039,771.0705500606267,838.5516278008103,313482
2021-11-29,782.6316528320312,825.6508146817465,772.0629012288447,772.0629012288447,147797
2021-11-30,803.2232666015625,843.5134124261663,774.2956941711956,791.9102389600948,577464
2021-12-01,811.31103515625,824.9561050601876,788.58582780332,794.8377386272481,85600
2021-12-02,809.4255981445312,827.1393561694781,802.0820451397489,815.6279028548603,32795
2021-12-03,834.4829711914062,847.3837659476525,816.6203322981422,816.6203322981422,90635
2021-12-06,829.2233276367188,854.0325471156701,805.9523282209691,828.6279305969773,205957
2021-12-07,874.9714965820312,897.5478845503318,833.5897095987872,833.5897095987872,445749
2021-12-08,856.86083984375,914.2693498497947,846.2424817263876,882.2158501961402,166611
2021-12-09,846.5897216796875,861.3760396760723,843.513402908596,861.3760396760723,55855
2021-12-10,848.6737670898438,854.4791000494266,839.8416609873411,848.475281225973,55240
2021-12-13,839.097412109375,853.3875468082003,833.7386570243533,843.513465306326,104725
2021-12-14,844.6050415039062,850.708133707514,833.6393786367761,833.6393786367761,49942
2021-12-15,830.116455078125,848.5744895048292,823.8149377759958,848.1775783485127,60779
2021-12-16,825.4523315429688,833.5897675784445,820.6889735563971,832.2997002901163,41717
2021-12-17,819.7461547851562,834.0362883323752,816.8683218888352,823.6660232748582,55164
2021-12-20,795.6316528320312,803.8186950969072,776.2804620241427,793.8950075031181,100592
2021-12-21,823.41796875,828.1317203035553,798.8568422341067,799.8492109822236,106103
2021-12-22,820.0438842773438,828.727110754526,808.8301296264017,827.7347420142767,48221
2021-12-23,826.8912353515625,832.8454476673254,812.7499811016258,812.7499811016258,74294
2021-12-24,809.9713745117188,828.5782883134335,805.0591371541899,828.5782883134335,27699
2021-12-27,805.3072509765625,822.673704324794,793.3988258234895,822.673704324794,25510
2021-12-28,792.1583862304688,821.3836591955667,781.9866061379385,807.6889820141345,43715
2021-12-29,772.9063720703125,787.9407827703199,766.7040674200424,783.971307794147,70388
2021-12-30,788.2880859375,803.3224966057429,751.7193220245216,772.0132749112051,79167
2021-12-31,768.2919311523438,811.2118814215426,761.3949559316246,789.5285869670336,76340
2022-01-03,783.0781860351562,788.3377890647268,764.1239664205305,774.0476542961218,51711
2022-01-04,817.5133666992188,829.6202776010531,776.5285493095981,787.1965134055447,65643
2022-01-05,811.261474609375,833.5401657507507,805.704233689957,825.6508218654435,46934
2022-01-06,783.7232055664062,818.7042033457235,760.6010262403365,815.5286112915974,323767
2022-01-07,792.7537841796875,798.8568764699132,779.6545645986696,784.3186494591978,39452
2022-01-10,834.5820922851562,844.9523575076885,786.1545109346855,798.8568184180152,113242
2022-01-11,818.6546630859375,841.5287520750436,813.3951204993456,841.5287520750436,34051
2022-01-12,798.6087646484375,831.4065402594828,792.406459859307,823.6660759965245,134266
2022-01-13,787.196533203125,802.8263414577095,778.017122005988,798.6087741509169,109462
2022-01-14,802.5286254882812,812.7500115662639,785.2613848975822,793.7957925450354,67062
2022-01-17,807.5401000976562,823.318788032387,795.2347029160336,813.7424050139209,48133
2022-01-18,821.5821533203125,833.5897915663114,802.8759651084138,802.8759651084138,98894
2022-01-19,800.0477294921875,829.6699136044767,795.3339777462845,829.6699136044767,57272
2022-01-20,808.73095703125,821.0859605730933,800.8416130416837,804.21569115338,37227
2022-01-21,790.8187255859375,807.8378142641243,784.4675410009336,807.7882079377102,27509
2022-01-24,764.22314453125,790.9178879378327,726.5627992010075,784.0209130621397,83450
2022-01-25,752.2155151367188,772.5590745830285,740.257483771179,772.5590745830285,39089
2022-01-27,782.4827270507812,803.818654294398,735.3452133730234,735.8910040491005,50543
2022-01-28,774.4446411132812,786.6507653239711,753.0094385431426,783.9713574315306,154573
2022-01-31,746.0628051757812,774.4445874265402,742.3910287310036,774.4445874265402,95881
2022-02-01,757.772705078125,763.1811265355273,748.3452025527114,749.5856634113184,49373
2022-02-02,760.4522094726562,772.0629367014524,751.6201633764432,763.1316173822839,42753
2022-02-03,764.1239624023438,771.0705438787287,749.8338277088841,762.4369233584878,43806
2022-02-04,734.7001953125,767.1010599103339,725.4215715322822,766.108691139428,118579
2022-02-07,695.5016479492188,749.2384425962964,680.0207189259763,749.2384425962964,236717
2022-02-08,690.2916870117188,728.845249778957,686.7191836942416,719.4673528588513,62397
2022-02-09,704.1848754882812,719.4673792194553,690.7382903767462,690.7382903767462,57290
2022-02-10,723.2879028320312,726.9100728151071,697.635196162485,714.7535562390183,51990
2022-02-11,699.4215087890625,714.4559201361117,694.6581507265288,712.4215762371465,39275
2022-02-14,697.8336791992188,712.4711174664383,679.8221631375667,692.6733498657131,52645
2022-02-15,711.67724609375,717.4825788316485,688.9023720377077,698.6275733021861,61991
2022-02-16,727.207763671875,742.2917798686428,712.2230206857004,712.8184176717475,38579
2022-02-17,727.55517578125,731.3757712540782,717.8299135424473,729.3414274234894,31187
2022-02-18,714.0589599609375,724.429226064366,711.8757364808391,718.524619573663,24669
2022-02-21,699.2230224609375,709.9902601317933,679.921498026727,699.6199942031326,70341
2022-02-22,697.0894165039062,698.6275758994681,645.0396652480885,692.8718494618995,67343
2022-02-23,703.09326171875,708.5512898619443,699.5703647583829,699.5703647583829,40328
2022-02-24,677.7879028320312,696.692516704904,670.692441554132,689.6963286504564,65338
2022-02-25,671.5359497070312,694.6581296220014,667.8641731937242,676.79549200315,323161
2022-02-28,674.9099731445312,686.173394973847,661.7610870025186,671.5359556836821,93091
2022-03-02,660.2725219726562,678.4825248323245,654.9633734008715,674.8603546759156,45481
2022-03-03,678.4329223632812,690.6886522377354,666.9214084843564,673.3221990564705,86965
2022-03-04,667.9634399414062,679.7726533291864,661.9100142636019,672.2306743959166,52625
2022-03-07,629.0625610351562,664.8870478955051,615.2686114853929,664.8870478955051,141275
2022-03-08,649.8030395507812,656.9481066004937,617.8984208664192,623.3067820498459,59359
2022-03-09,677.3412475585938,684.6848002041554,647.669459617448,653.1770938169298,56465
2022-03-10,701.1581420898438,719.467358003959,684.7344510658369,694.6581387624432,242212
2022-03-11,726.6620483398438,742.9865270910582,695.650523572865,704.8795412296411,44215
2022-03-14,716.2421875,734.3529182542431,696.3452050044209,714.5055420852095,204092
2022-03-15,728.8948974609375,736.8338480119075,713.3643012178479,719.9635780910962,77937
2022-03-16,704.7802734375,739.6619974246886,695.6504691465227,731.3757428830061,141259
2022-03-17,738.5208740234375,744.1773883045873,712.5207993161307,717.4826433225104,72351
2022-03-21,714.852783203125,776.0323390170691,701.1085006592831,739.5131822360242,68297
2022-03-22,717.333740234375,727.009335729299,696.1962975747255,714.5551197958632,43552
2022-03-23,706.665771484375,722.3948527102023,699.3222789841708,717.333735680282,35691
2022-03-24,716.6390991210938,728.3986442868002,700.9100184852615,707.5589010578863,44006
2022-03-25,714.80322265625,722.4444744032379,704.6314426251604,722.4444744032379,41295
2022-03-28,706.4673461914062,717.4826152264662,695.5016229112081,717.4826152264662,41023
2022-03-29,702.8451538085938,738.322335945773,697.6352179702667,697.6352179702667,70442
2022-03-30,758.1201171875,771.8644001202548,707.3604314969346,713.5131298487275,211428
2022-03-31,763.5781860351562,783.8224732337087,738.3223879360995,771.0705583687491,264709
2022-04-01,781.4903564453125,813.3453676993317,763.5781134051084,763.5781134051084,334080
2022-04-04,769.7804565429688,787.9407926733264,765.1163112734694,787.9407926733264,52206
2022-04-05,774.5933837890625,786.7995067973519,766.3567356172496,769.7804197775864,209795
2022-04-06,779.4064331054688,791.8110423631355,764.0743239491164,764.1239302722709,34644
2022-04-07,777.1736450195312,793.8950349657434,766.3071946145608,779.4064748053725,219319
2022-04-08,770.921630859375,778.6124885885702,765.513269685962,775.039985355019,41705
2022-04-11,784.3682861328125,793.845395604454,766.455981696302,783.9217080803516,117877
2022-04-12,750.0819091796875,788.8339580315165,737.5780869287296,788.8339580315165,76314
2022-04-13,751.2727661132812,768.6392196090546,737.8261813775732,761.8415177541765,62540
2022-04-18,731.0285034179688,745.2193651959266,713.7116556808389,729.7880424134378,46646
2022-04-19,732.21923828125,753.5551658328438,724.4291680308619,733.3604865408315,48502
2022-04-20,722.940673828125,745.9636421984364,710.5360637761668,732.3681774676132,36494
2022-04-21,748.1467895507812,766.1086388504827,724.3795469958834,724.3795469958834,69249
2022-04-22,752.4140014648438,763.0323592474822,743.7803811903852,756.184990616509,20078
2022-04-25,740.8529052734375,762.1392278527323,735.1467847524046,752.4140258611967,16240
2022-04-26,730.730712890625,750.1315706225134,726.9597237129284,731.3757768129892,26097
2022-04-27,729.2918090820312,735.2956278272766,718.2764797592046,730.7306952952416,66249
2022-04-28,722.940673828125,734.7002199296273,720.558964470395,731.8719930655349,13869
2022-04-29,697.0398559570312,729.1429617925496,685.2802495613123,729.1429617925496,37777
2022-05-02,727.3070678710938,744.1773363141785,671.8832378502723,687.6123185932473,156790
2022-05-04,762.5858154296875,773.0056878154198,744.7727833802015,744.7727833802015,619261
2022-05-05,784.9140625,795.58202639361,738.0742461276687,745.7651038184108,378253
2022-05-06,775.1392211914062,782.2346821170815,735.2460451355181,782.2346821170815,240570
2022-05-09,775.8834838867188,821.1851416060947,739.5132054973951,766.654466614569,150221
2022-05-10,770.1773681640625,793.8950056867056,752.0666383468346,765.1163117305626,309681
2022-05-11,728.150634765625,776.7271014918055,708.1047721273651,771.0705870022359,324229
2022-05-12,747.3529052734375,762.0896180233702,703.8375584234759,719.467366735312,208650
2022-05-13,756.1849975585938,759.9559867448781,734.3032784439047,734.8490691497883,80452
2022-05-16,749.9330444335938,769.0857483760506,744.871927683298,769.0857483760506,44380
2022-05-17,749.734619140625,762.1392289874256,745.2689595957768,749.9331050120506,32371
2022-05-18,760.1544799804688,766.9521818465356,735.6925655026913,758.0705297852991,112486
2022-05-19,754.9445190429688,759.1620861884602,737.9750378147438,744.0780692248263,28437
2022-05-20,749.2880249023438,788.8339565821581,727.3566993942403,769.0857939044708,240961
2022-05-23,779.9522705078125,790.6698414344019,753.5056177589079,769.0858200334627,166078
2022-05-24,775.2880859375,821.681325,764.1735438236236,779.00946875,270612
2022-05-25,788.7843017578125,803.7691067002881,774.0476495800987,781.9865998322023,132141
2022-05-26,798.7080078125,810.9141925593606,785.1622099771422,793.8950433400053,110784
2022-05-27,793.5972900390625,830.910330272967,789.9255136031616,814.7347319952207,135801
2022-05-30,795.8797607421875,810.7652924268917,787.2957465762546,807.8873987400955,55892
2022-05-31,772.0629272460938,808.7805728863322,766.0591081133912,802.7271474274522,67146
2022-06-01,789.2804565429688,797.6659845460921,760.4521566352327,768.1926207268151,79767
2022-06-02,778.7613525390625,795.3835285887972,771.070494963812,795.3835285887972,47954
2022-06-03,773.799560546875,785.4598937773025,769.0858088154256,784.4675249917341,34797
2022-06-06,753.7041015625,782.532403010691,744.2765979879855,782.532403010691,60558
2022-06-07,751.9177856445312,756.1849589947992,744.9215983346364,745.0704172998975,27464
2022-06-08,770.2766723632812,774.0476616780925,743.8796260208335,745.4178461117272,37713
2022-06-09,783.3262329101562,788.3377434528797,759.6582629240121,759.6582629240121,127470
2022-06-10,781.589599609375,793.845389956068,768.5895932730514,776.0323588631713,44709
2022-06-13,743.9788208007812,769.0857366044443,732.3680949859095,759.1620496805159,55829
2022-06-14,752.3147583007812,775.4369996502537,743.6315313556228,743.9788967750598,53272
2022-06-15,742.837646484375,759.162125212294,734.4025117597939,754.1506749309785,89392
2022-06-16,715.9940795898438,753.9025793549084,697.5360443853435,745.2689587969129,57278
2022-06-17,720.5093383789062,732.2689447272018,705.5742003999293,705.5742003999293,35177
2022-06-20,721.6505737304688,757.8720334375721,709.8909675935195,709.8909675935195,74735
2022-06-21,758.1201171875,764.1239359993327,725.520767472393,726.4139235733916,22638
2022-06-22,733.0132446289062,770.07819539876,729.3910742501141,769.4827983414119,43712
2022-06-23,723.7841186523438,744.8719544461355,711.5283889011162,734.3528699955731,30647
2022-06-24,728.59716796875,744.2765825267705,723.7841430601135,723.7841430601135,15724
2022-06-27,747.7498779296875,749.8834950407174,729.19256957522,729.19256957522,28487
2022-06-28,734.005615234375,754.1506899824385,722.7421928886538,749.2384522544429,66739
2022-06-29,734.005615234375,740.2079203027065,721.4521255483179,734.005615234375,15815
2022-06-30,738.024658203125,740.8528849386024,727.0589955297402,734.8490660603584,34337
2022-07-01,733.459716796875,742.2918228743356,720.5093167603368,741.2498478036958,37017
2022-07-04,739.8605346679688,744.8719849124158,729.3910561124759,729.8872405043892,49628
2022-07-05,733.9559326171875,752.1163299237797,728.4482979483582,739.8605390296411,104204
2022-07-06,745.1200561523438,747.2536732053176,734.4024857023192,737.0818934571708,16136
2022-07-07,744.673583984375,754.2003003931659,739.314768148564,753.158325249921,21465
2022-07-08,749.982666015625,758.6162860611397,745.8643115676084,755.837665737247,20672
2022-07-11,755.7880249023438,761.5934185016033,750.6773621197348,753.2078903489278,46947
2022-07-12,754.8452758789062,758.3681726500125,745.8146843673251,757.0284385633922,26900
2022-07-13,759.360595703125,761.0972410524208,755.1926347509384,755.9865176538827,15511
2022-07-14,750.8757934570312,760.2040228006687,742.7879644064179,760.1544164800482,115965
2022-07-15,757.524658203125,760.1048532849389,749.3872829395849,753.6048501110413,15036
2022-07-18,765.4140014648438,783.9713091238025,754.2002467520125,783.9713091238025,45334
2022-07-19,759.5093994140625,778.0171008495239,756.1849883256853,778.0171008495239,147040
2022-07-20,765.3148193359375,779.4064682010504,760.5017943856104,774.0476525326859,67164
2022-07-21,775.3873291015625,779.0094994093724,763.6277831789963,772.9560740238812,37881
2022-07-22,810.7653198242188,817.7119015118192,780.9942554487884,781.9866242613027,174315
2022-07-25,824.0133666992188,839.5439618524933,814.2385587470104,818.4065196076722,143039
2022-07-26,794.1926879882812,823.6660515866433,786.4522239547167,823.6660515866433,36735
2022-07-27,816.3721923828125,823.6660786102221,779.2575761791289,796.7729091869669,47379
2022-07-28,840.4866943359375,852.4447252243355,823.9141247002381,843.5134067994006,218933
2022-07-29,821.3836669921875,848.2768372155659,813.7424151265128,840.5363726977516,48681
2022-08-01,832.1011962890625,837.8073165975445,818.6050055263188,837.8073165975445,86201
2022-08-02,853.1890869140625,867.2311298447349,832.1012496393619,832.5974340458255,202470
2022-08-03,850.162353515625,862.1203853073057,843.7615627137112,852.444789616087,44481
2022-08-04,830.1660766601562,876.8570148502881,824.7080484630883,858.2997674357632,182126
2022-08-05,829.7691650390625,842.1241076773804,826.44469334287,830.1164698782042,27180
2022-08-08,800.196533203125,833.5401602059782,793.5477109017802,831.7539085344321,67682
2022-08-10,818.009521484375,823.6660352863621,783.8720739538934,800.8415547904749,76814
2022-08-11,886.1356811523438,917.3456902327464,832.5973753550302,832.5973753550302,1632794
2022-08-12,925.0365600585938,937.7884743444131,866.4371365660113,878.2463489892123,685985
2022-08-16,958.7274169921875,996.8840072189989,943.9411590845904,947.7121481886376,811328
2022-08-17,955.3534545898438,972.769514892559,945.5785855813508,962.5977347062302,268474
2022-08-18,917.0479736328125,949.2999592734017,913.9716546148484,949.2999592734017,180615
2022-08-19,895.6624145507812,941.5098634957554,887.2272800688694,917.24643513685,189502
2022-08-22,937.9373168945312,966.9144349690703,897.1013199711882,902.9563196279556,878210
2022-08-23,942.254150390625,971.5290292073953,920.9182217614533,937.6892782605089,576308
2022-08-24,934.8610229492188,964.0862964426491,929.2045086328476,950.689317542005,191092
2022-08-25,942.7999267578125,962.1015112216224,939.2274234555006,945.6778203847842,202731
2022-08-26,957.8343505859375,969.0481055925896,941.5594785018418,951.4831662191239,320692
2022-08-29,950.0938720703125,968.5519067206374,932.1815675530164,937.7388689332066,228610
2022-08-30,962.2007446289062,971.5290353864169,955.1549505203537,964.8305461230275,266475
2022-09-01,928.9564208984375,965.0290635645396,916.2541122158023,962.597747860705,200692
2022-09-02,922.3571166992188,952.673968908418,910.9944827686747,936.4487646031985,163405
2022-09-05,906.4296264648438,927.021277709008,901.1700237156489,911.9868671511791,102452
2022-09-06,879.4371948242188,916.2540510732814,873.2844964851065,910.498324460324,219865
2022-09-07,852.5936279296875,873.2844919486735,849.6165217071352,873.2844919486735,216587
2022-09-08,880.3799438476562,890.1547516192909,863.360795884931,863.360795884931,316836
2022-09-09,867.181396484375,913.9716066554549,854.6775746275903,893.032650535292,202592
2022-09-12,872.8379516601562,883.208217564538,861.3761043213697,875.7654516861851,101517
2022-09-13,854.8264770507812,881.521160445557,851.4523990273489,881.521160445557,136081
2022-09-14,858.2997436523438,861.7730342269606,841.5782941157744,851.4523751489183,94644
2022-09-15,883.8035888671875,900.0784606749504,864.3531854993184,874.2768730481051,348441
2022-09-16,861.4256591796875,891.9409974577557,853.5363157061157,888.9638912842855,135400
2022-09-19,881.5211791992188,888.4677606910477,857.4562361739542,865.7425518665518,124111
2022-09-20,900.0784912109375,904.0479663651203,876.2120339602906,881.5211827512563,120595
2022-09-21,893.6776733398438,912.4830734270121,886.1356950031102,903.055570221404,199980
2022-09-22,901.4181518554688,910.9449284298271,887.1776841728414,893.1318968182967,96272
2022-09-23,864.0059204101562,903.0060021571514,861.3761188609949,902.4602114307363,87350
2022-09-26,839.5935668945312,857.4562043534892,824.6584293552233,846.4905418050608,78589
2022-09-27,857.952392578125,887.4257566315681,848.971467484827,853.4371268696099,217874
2022-09-28,867.1317749023438,870.3073669183162,848.5248614134972,854.4294674078338,57681
2022-09-29,879.5860595703125,882.2158611118418,868.4715774921277,881.6700703870106,55861
2022-09-30,866.8837280273438,882.4143235254421,863.9066217135395,875.2692562584355,74254
2022-10-03,866.7349243164062,877.8990731897716,848.4753143757705,867.3303213618988,41635
2022-10-04,874.1776733398438,886.2845238730621,863.3608295238039,886.2845238730621,46391
2022-10-06,879.2387084960938,887.0784458131455,871.0516663458762,878.0974602110381,49339
2022-10-07,871.3989868164062,887.177674380456,865.7921396454524,879.2387242741431,46196
2022-10-10,855.5210571289062,862.3684255874448,844.7042743233502,858.3989506710469,45631
2022-10-11,842.3226318359375,859.8379655190571,837.5592736730013,859.7883591925507,32957
2022-10-12,831.505859375,846.5402106720851,820.2424369145938,835.0783629029802,125907
2022-10-13,815.4790649414062,835.6737458813525,813.7424195338644,835.6737458813525,36444
2022-10-14,819.6470336914062,830.4638174178118,813.8416397903239,820.6890088317896,36156
2022-10-17,828.9255981445312,847.4829057352808,772.1620939837486,804.9102624723484,244558
2022-10-18,827.9332275390625,844.5057976083554,810.814866776731,816.7194728926868,59476
2022-10-19,841.5783081054688,858.3989705674588,827.9332377640785,827.9332377640785,88239
2022-10-20,796.6736450195312,856.3150450802917,793.9446308726493,843.51346358171,256530
2022-10-21,748.3948974609375,790.818660413558,741.994107077017,780.0514234161186,314696
2022-10-24,758.5170288085938,778.9598613725668,750.4788661722208,774.047623952836,40786
2022-10-25,724.826171875,762.0400006493315,719.5169626282324,762.0400006493315,424319
2022-10-27,702.4979248046875,733.2613587895511,689.8452221173646,733.2613587895511,345497
2022-10-28,725.0245971679688,729.3414376473911,701.6047184872369,706.0207716156372,241215
2022-10-31,720.7078247070312,736.4865124980779,714.5055198472461,728.6963812525578,233133
2022-11-01,734.5513916015625,740.3071184785375,702.5971044005423,720.4597426480137,429260
2022-11-02,729.2918090820312,744.3757654296087,723.4368093057142,739.2651027754561,151989
2022-11-03,726.6124267578125,745.7155256131741,714.2574234361825,728.3986784330086,277856
2022-11-04,724.42919921875,730.2841991662162,715.5970929731245,729.3910430490155,188417
2022-11-07,704.0360107421875,727.3566760008601,701.6046952290029,719.4673324484118,233859
2022-11-09,694.6085205078125,718.7230690825177,689.7954957159933,704.5818143577322,225177
2022-11-10,695.4520263671875,701.8528170886595,686.719193248996,686.719193248996,211063
2022-11-11,676.9939575195312,704.0856116466027,674.9596137435193,697.6352149225676,225308
2022-11-14,656.2534790039062,680.4176957609585,647.0244612260618,676.9940112678945,397718
2022-11-15,666.1771240234375,671.5359394550355,650.894681746692,655.9557381003491,258515
2022-11-16,711.9253540039062,729.3414131718415,658.932839380215,666.1771190245852,306407
2022-11-17,727.4063110351562,735.2460485742024,711.7268965264469,727.4063110351562,442066
2022-11-18,715.0513305664062,731.0781110002342,704.5818517840554,731.0781110002342,419144
2022-11-21,691.9786987304688,714.5054808660952,687.7115253336167,714.5054808660952,186590
2022-11-22,703.291748046875,722.4444528844687,695.4024043389992,695.452010662821,113083
2022-11-23,701.3566284179688,707.7078127757184,695.1543236035191,703.2917596339536,52176
2022-11-24,702.9940795898438,706.5169767031483,692.723026205585,704.8795439613524,58343
2022-11-25,714.6543579101562,717.3833718900586,705.1275818568696,706.5169222925717,71984
2022-11-28,712.520751953125,719.4673331003004,702.6962772457962,719.4673331003004,131805
2022-11-29,719.417724609375,721.9978590856551,701.8031796106922,711.1810762449938,136398
2022-11-30,728.1010131835938,743.2842439705843,720.7574597096681,723.0398958750063,104439
2022-12-01,743.9292602539062,748.2460401036747,721.7001759488029,733.3605088018775,107701
2022-12-02,751.8681640625,767.0017866223626,744.2765193375062,754.2002062620063,233685
2022-12-05,741.6964721679688,756.2346388800225,735.1468016861108,751.967465114661,142066
2022-12-06,740.8529052734375,744.2269833744974,730.581912563332,730.581912563332,47474
2022-12-07,756.9788818359375,770.6735586792023,739.3643362570057,752.2155238777648,269131
2022-12-08,753.108642578125,766.9025313848306,745.070419639267,757.1773300847736,57348
2022-12-09,749.5361328125,764.1239660973257,745.2193528161972,752.2155406516531,108281
2022-12-12,745.9140014648438,759.1621001614774,744.2765687857622,750.2307813360483,34865
2022-12-13,744.8223876953125,755.1430474010699,737.280409073756,746.4598204364034,80004
2022-12-14,743.9788208007812,751.5207986352156,734.4024386914392,749.2383627565877,90876
2022-12-15,754.8948974609375,767.7460844995466,745.0208165824984,752.1162771586551,327010
2022-12-16,731.2765502929688,751.2727441049757,727.9520786652517,751.2727441049757,133987
2022-12-19,715.3489990234375,738.2231474802475,709.6428786326567,732.4177538714757,262503
2022-12-20,716.5894165039062,732.3184967945666,710.4367789982733,711.4291477016824,87347
2022-12-21,710.0398559570312,729.0933484823333,707.5589340284602,716.5398592960107,63366
2022-12-22,703.490234375,718.7726768544564,694.9062204198192,718.7726768544564,73801
2022-12-23,689.6962890625,712.8184690855389,682.7993140579985,688.7039203012589,120102
2022-12-26,700.3642578125,724.3299877804895,686.3718824155188,714.1085410175533,128433
2022-12-27,723.13916015625,729.39107151248,705.6238265241487,706.5665890025657,137336
2022-12-28,718.2269287109375,739.31476599606,713.5131768472042,714.5055456606218,113774
2022-12-29,726.314697265625,732.3681222871296,713.0169320640957,714.5054851581752,47215
2022-12-30,726.066650390625,733.8071148489759,715.7459907332343,717.4826361180291,45402
2023-01-02,745.1697387695312,747.2536889731772,725.4711822072935,742.2422387639269,84640
2023-01-03,734.253662109375,746.2612997526422,730.3833997579052,745.1697183557568,42470
2023-01-04,749.9330444335938,755.1925864699025,730.5818546357448,741.2994245637545,61937
2023-01-05,744.3757934570312,757.127768549827,739.7117086728118,757.127768549827,32783
2023-01-06,732.9139404296875,744.3757875695895,714.5551182483106,744.2765749206865,180412
2023-01-09,719.2192993164062,737.3300302064021,716.5398913996256,737.3300302064021,43506
2023-01-10,716.5398559570312,723.2879514574227,712.4711682408874,723.2879514574227,126559
2023-01-11,715.8451538085938,721.3528486744419,712.8680476408401,719.4673238737793,23529
2023-01-12,728.4482421875,732.1200185421158,713.0169208031314,721.5512675133155,38006
2023-01-13,730.5819091796875,734.3528984361586,721.5017105996491,730.5819091796875,25450
2023-01-16,731.7230834960938,734.3528849469677,724.9749880185657,730.3834098932003,21341
2023-01-17,724.0819091796875,737.1811287038494,719.6658559666041,725.421582813491,18756
2023-01-18,724.0819091796875,728.7459940199716,717.2841466516379,728.7459940199716,46302
2023-01-19,726.2153930664062,741.9940794181892,719.8146029210837,721.7497339746991,79098
2023-01-20,731.8719482421875,739.3147138175318,726.2650406143423,729.887210755429,26600
2023-01-23,747.7498779296875,751.868232606556,727.6048037503026,727.6048037503026,46380
2023-01-24,749.5361328125,764.0743597718455,743.7307996354882,747.7498811095259,57698
2023-01-25,786.6011352539062,797.8644966442023,757.7231675038853,768.8873162442427,790224
2023-01-27,753.2078857421875,801.8339547821969,738.6200529163082,794.4904017606467,164273
2023-01-30,740.55517578125,783.9713083647404,727.0589850801917,755.1926147665409,95654
2023-01-31,732.76513671875,755.3415266282437,724.4292146782602,746.2613279973311,131620
2023-02-01,753.8032836914062,767.9942053739314,734.4024866033085,744.8719648771981,73562
2023-02-02,734.5017700195312,766.9025740482339,728.8452559114465,753.2078971235013,89936
2023-02-03,730.4826049804688,748.8414266627838,723.7841159882727,741.6964201932796,57965
2023-02-06,742.4902954101562,747.4025327342924,731.4253598502021,738.7193063525195,31565
2023-02-07,741.7460327148438,757.6735390043998,736.3376109250356,739.3147171686678,33410
2023-02-08,746.2612915039062,755.4903086599587,739.6124088407266,741.7460258566883,34453
2023-02-09,764.570556640625,771.0705601885693,745.4674571764938,759.559106297678,45013
2023-02-10,770.6239013671875,774.2956776686622,755.1925802061543,766.0094232568323,54673
2023-02-13,756.234619140625,770.6239664973473,746.4598108536395,770.6239664973473,39856
2023-02-14,739.91015625,761.0972665631975,734.2537025210617,749.238447238069,43912
2023-02-15,742.2918090820312,747.2536527256277,729.4406219312403,737.3299654384348,37419
2023-02-16,729.5399169921875,745.4178171271681,723.4864312240968,742.2918313103409,38573
2023-02-17,756.9292602539062,764.1239336552053,726.4139213449483,726.4139213449483,87042
2023-02-20,750.4292602539062,757.0781429873782,733.4101119774872,749.3872851811295,66462
2023-02-21,729.2918090820312,749.3376091148331,721.3528591856723,749.3376091148331,35601
2023-02-22,730.9788208007812,739.4636223447948,724.6773032610473,729.341448651647,117394
2023-02-23,749.0399169921875,754.2002465826822,732.7154390147782,733.2612902803103,90219
2023-02-24,746.162109375,763.8758678575516,739.3643468952416,745.7651376355311,49069
2023-02-27,734.3032836914062,750.1811840160775,730.8795993200224,738.719336833082,39609
2023-02-28,719.1200561523438,744.326186664898,716.7383468675022,734.5513784708515,101905
2023-03-01,727.55517578125,731.3757712540782,718.4749774599086,718.4749774599086,96844
2023-03-02,748.6430053710938,753.0589978303392,724.4787900914474,727.4062900027427,80689
2023-03-03,738.1734619140625,751.2231350532418,732.8643133907782,740.3070789296148,55664
2023-03-06,741.1009521484375,746.7574659981133,731.3757507516405,738.3223318306926,102806
2023-03-08,732.0704956054688,746.7575421274537,727.0590451442714,741.101027701116,88721
2023-03-09,675.058837890625,719.4673391704566,665.4328489630199,717.7306938690107,10706379
2023-03-10,672.9252319335938,681.5588522595388,661.761083383505,674.7611504812377,321214
2023-03-13,670.3947143554688,676.795505073042,649.604576389275,670.3451080305571,553812
2023-03-14,659.6771240234375,676.745878571617,655.9557412252609,670.8412724179673,175472
2023-03-15,665.8794555664062,675.8031434287968,659.925242848972,663.3985336008086,286924
2023-03-16,666.2267456054688,675.60464254086,653.9710155955808,669.3527314403933,226836
2023-03-17,663.9939575195312,692.6734408303773,658.5855958711355,666.9214576713019,399689
2023-03-20,665.9786987304688,680.7650185506501,655.0626415816974,672.379489808853,234821
2023-03-21,688.455810546875,690.6886402027027,665.6809359435563,667.864159276464,490671
2023-03-22,710.63525390625,713.5131475748475,679.7726093028798,688.7039282572242,588913
2023-03-23,686.8680419921875,704.5817996283306,684.7344249909128,704.5817996283306,53363
2023-03-24,682.8985595703125,689.4977752232032,677.043559888777,687.7115236393148,47579
2023-03-27,673.3222045898438,685.7268141069742,665.9786515279495,685.7268141069742,61153
2023-03-28,664.8870849609375,672.8260352291278,660.4710317603799,667.2687942691481,45865
2023-03-29,700.0665283203125,711.0321906044535,657.1961873381707,658.8336199601969,282695
2023-03-31,736.8834228515625,754.2002701147852,689.5970869945484,692.6734059738423,315990
2023-04-03,713.2154541015625,734.2040174510963,710.7345321522523,734.2040174510963,116230
2023-04-05,705.822265625,713.215424844544,700.7612092837718,713.215424844544,156245
2023-04-06,699.6199340820312,713.5130958935894,694.7573032202345,709.543621090287,105421
2023-04-10,686.818359375,707.1123115909944,682.9481577509423,702.5970460782376,182615
2023-04-11,703.4406127929688,710.436861419171,688.7039600654325,688.7039600654325,147339
2023-04-12,709.3948364257812,711.2803614372552,701.9024638464583,707.1620065503242,106756
2023-04-13,710.9329833984375,718.4749615292799,706.5665367525515,713.1161461519999,29218
2023-04-17,714.7039794921875,723.4368123004567,702.0512780424882,714.5054936300807,113890
2023-04-18,723.7841186523438,733.3605012523359,714.505495130828,727.4062887929123,491751
2023-04-19,705.7230224609375,723.7840842744976,702.8947353354188,723.7840842744976,52073
2023-04-20,720.310791015625,724.3299326745934,703.688615421044,706.5665088562153,55614
2023-04-21,705.2764892578125,719.4673504001037,701.009315707247,719.4673504001037,35490
2023-04-24,704.0360107421875,714.4062761306649,700.562720171747,714.4062761306649,25331
2023-04-25,700.810791015625,707.7573719449824,696.5932240228008,704.0359893042553,35597
2023-04-26,703.2421875,709.0475208608192,696.9406091605151,696.9406091605151,64563
2023-04-27,700.51318359375,710.8833894453303,697.6848960774571,702.5971339157454,202371
2023-04-28,707.0131225585938,709.5436507375578,700.6123320569452,700.6123320569452,34683
2023-05-02,707.707763671875,722.2955351277913,704.5817780345336,717.6314506864459,130171
2023-05-03,702.8451538085938,732.3681235591135,700.6123241635964,730.0360812687575,310232
2023-05-04,701.1581420898438,705.8222874211253,697.2879402297971,705.4749825794972,270484
2023-05-05,688.1581420898438,702.5474893890744,686.7191952460439,699.6695957014749,103951
2023-05-08,689.4481811523438,698.4291061229277,684.1886389515637,688.1581139060213,432197
2023-05-09,706.5169067382812,709.5436191536623,689.7458515123524,697.1390104271998,405711
2023-05-10,705.0283813476562,713.5627282584928,702.5970658280193,713.5131219355168,227502
2023-05-11,711.478759765625,715.0512628989811,706.5169162085307,706.7650083863854,59639
2023-05-12,719.8146362304688,732.3681249302642,711.4787752151674,715.4978564698109,378435
2023-05-15,688.9024047851562,709.5436628636777,680.7649688454306,704.7306986090686,5709142
2023-05-16,689.3489990234375,698.6276229124906,685.7268287393906,698.6276229124906,297416
2023-05-17,697.7344360351562,700.6123296054808,690.6886422173011,693.2191703874107,225625
2023-05-18,692.9214477539062,704.4825673863596,690.6886181693072,703.5894113247684,130577
2023-05-19,697.5034790039062,699.4458428718168,690.5309344083656,691.9752593765946,135588
2023-05-22,691.6764526367188,701.2885669848255,688.3395555099704,697.2544640306581,93661
2023-05-23,689.4850463867188,701.6372073721877,686.7458325119343,692.2740519909831,105672
2023-05-24,690.0826416015625,696.955602280936,687.4928638127969,688.339505567958,57618
2023-05-25,689.6842651367188,694.2661985130483,686.4968041465165,693.2203290245124,51308
2023-05-26,689.9332885742188,695.7105274548185,686.9948470069166,695.7105274548185,81259
2023-05-29,694.3657836914062,706.6673805316807,688.8375642705072,704.1771861262521,396708
2023-05-30,707.2152099609375,718.1720653265295,692.3238352821852,701.1391599401412,455896
2023-05-31,718.072509765625,722.1066126932549,702.5336596205591,710.9007374521918,305206
2023-06-01,726.5889282226562,728.0332531219443,712.8928591351613,717.1759813088257,247306
2023-06-02,758.9614868164062,764.8383093198231,723.9493280611922,726.6885419929561,533850
2023-06-05,765.2367553710938,772.9563581750325,757.0191136765782,772.9563581750325,325638
2023-06-06,776.741455078125,783.9132273861729,759.0112824247316,759.0112824247316,212018
2023-06-07,792.8779296875,798.7548130323838,776.9406848696608,780.9249960741206,136609
2023-06-08,801.5438232421875,815.7877237194051,793.4257647989572,796.8622453913604,267248
2023-06-09,812.6998901367188,820.7680958872076,795.6171317838678,801.5438067713321,199948
2023-06-12,798.8045654296875,821.4653342892232,792.5292877508144,811.8033679350161,99793
2023-06-13,808.1676635742188,811.8033717044513,797.5594719428997,797.8582831107552,163524
2023-06-14,803.9841918945312,814.2935724382892,800.1990477530097,808.3171058515861,51301
2023-06-15,821.31591796875,833.9661178819797,798.6551485667612,798.6551485667612,219145
2023-06-16,825.0014038085938,844.873167257793,819.0747289839887,826.744539886668,174009
2023-06-19,825.3002319335938,836.7053346664738,816.7837790791768,831.7249457696496,114348
2023-06-20,807.719482421875,832.3724070587764,799.1033854526936,825.7484656158092,67691
2023-06-21,763.0453491210938,824.0053196515678,758.6127909692556,813.7955227021225,529549
2023-06-22,749.5983276367188,779.9289084581321,742.2771802089612,763.0453777825486,247957
2023-06-23,752.3873291015625,765.3861928068554,740.4842482308354,747.0583372805995,435358
2023-06-26,751.7896728515625,790.8359323453038,750.2955562443716,756.0230032386035,293293
2023-06-27,765.3363647460938,770.4661898110407,754.18034185603,756.969347578546,385285
2023-06-28,781.6720581054688,792.8779334207749,772.1097354880466,772.956377304675,223077
2023-06-30,780.9249877929688,813.347307716292,774.9485210496553,781.921065583521,283122
2023-07-03,787.6983032226562,811.6041701538189,769.5696753073719,795.8661532499563,339946
2023-07-04,806.773193359375,811.5543544451897,789.0928131305906,791.682590986643,298289
2023-07-05,791.3837890625,812.7994611390811,787.0010225517784,812.7994611390811,155308
2023-07-06,784.1124267578125,793.7743932127055,778.2355436410676,786.9014323335131,163124
2023-07-07,780.4269409179688,791.8818353921955,767.9759686633745,784.1124408644812,154753
2023-07-10,785.4570922851562,791.7822224322866,772.0598344792145,780.426911840867,152365
2023-07-11,791.0849609375,798.3065246225202,781.9210334814946,791.9813944347355,308283
2023-07-12,795.4179077148438,801.4441661902633,782.5685406904867,791.0849936430022,93391
2023-07-13,793.326171875,804.7810665158843,786.9014579390035,798.8543914773174,109586
2023-07-14,800.4979248046875,810.3590582579402,793.2265084413923,801.842605476934,125348
2023-07-17,792.6787109375,815.1402534476478,787.1504912379115,805.8269502201462,164876
2023-07-18,795.8661499023438,804.7810582337441,788.893605410083,801.7430331498404,242688
2023-07-19,798.3065185546875,812.0523792363344,795.1688493488095,801.7429989240394,100870
2023-07-20,807.171630859375,811.8034170047633,796.8622498206266,796.8622498206266,260628
2023-07-21,809.0641479492188,826.2464890413997,801.8425843017803,807.7194673124828,146292
2023-07-24,830.9281005859375,841.6857285071125,808.2175392421764,809.0641810413042,182020
2023-07-25,819.82177734375,836.6555155829572,818.5268884320635,830.928068538863,69051
2023-07-26,837.203369140625,844.2257052889578,815.8374887267831,826.7445525124554,334249
2023-07-27,865.3425903320312,886.5092436207285,839.1955480342289,845.4708260265486,435658
2023-07-28,851.1982421875,881.2798028590495,846.6661005144866,881.2798028590495,331601
2023-07-31,866.687255859375,876.548450242913,848.5586888205071,856.626894555574,331013
2023-08-01,834.762939453125,876.548412885632,827.740603531773,876.548412885632,215460
2023-08-02,830.9779052734375,853.6386752404387,827.7406524210088,836.7053526277346,391422
2023-08-03,836.207275390625,849.6543250842205,822.8598091542331,832.7210032478409,76753
2023-08-04,830.0316162109375,847.8614330983354,825.7484938423196,847.1641664811734,82750
2023-08-07,846.0684814453125,850.6504148651571,832.7708067495297,836.7053260968759,89814
2023-08-08,837.153564453125,859.6151057525117,827.7406174743189,858.7684639759268,73620
2023-08-09,846.2676391601562,847.4131529005422,832.9202336759708,838.34886961803,108352
2023-08-10,834.8626098632812,851.9950989244265,828.7864989697594,846.6661071565111,99815
2023-08-11,839.9425659179688,845.6700130024968,827.0931385752446,834.8625936917352,45577
2023-08-14,849.5547485351562,855.5810068432473,838.7970600561947,852.1445264011214,232643
2023-08-16,843.1300659179688,853.5390910864897,834.713196349327,845.5704686869735,117436
2023-08-17,864.1472778320312,918.3837258623383,839.9923913329404,849.6045663611934,1002240
2023-08-18,859.3162841796875,872.9127089437753,856.676653832805,864.1472369325546,89657
2023-08-21,867.384521484375,879.28766315322,858.868068596844,861.5076990407296,331053
2023-08-22,854.0869140625,873.7096587045916,851.8955307631206,861.1092503299827,52904
2023-08-23,860.5614013671875,869.5758930246132,856.2782791162531,858.5194540982752,73276
2023-08-24,861.0594482421875,870.8707900473341,851.3974816264378,867.4841620760877,45106
2023-08-25,845.8692626953125,867.0857072441441,839.1955294120522,865.5915905745678,64552
2023-08-28,832.9202270507812,860.5613846246184,829.7327660903217,855.6307876009439,81523
2023-08-29,813.3970947265625,838.6974947780783,808.8649529650023,834.663391908904,170079
2023-08-30,815.2398681640625,823.5073015481206,812.3512182945151,821.7641654396123,229691
2023-08-31,830.9779052734375,833.9163469447949,816.4849854317171,822.7602634172723,195909
2023-09-01,859.9139404296875,864.5955181826865,832.7210290330944,832.7210290330944,150371
2023-09-04,842.5323486328125,871.5182479144044,836.7053180575024,869.5758841240471,94672
2023-09-05,856.4774780273438,865.5916142796644,843.7276942569458,851.6465249817182,201965
2023-09-06,867.733154296875,874.2076596574452,852.8417798084114,866.5876405686236,527397
2023-09-07,856.7264404296875,867.6832955770284,846.7158712951327,866.4381984011942,137400
2023-09-08,856.4276733398438,865.2927900063012,852.4931539025786,856.7264845182691,66157
2023-09-11,847.8613891601562,876.3491883642071,843.976661634258,861.6072498894132,99307
2023-09-12,848.6084594726562,872.1158702815289,841.8849345951797,852.7421456976479,233894
2023-09-13,833.2190551757812,853.4394217614804,830.9280884623644,848.6084688919759,71833
2023-09-14,846.8653564453125,865.5916068979919,831.7747534797059,837.2531813714653,92649
2023-09-15,846.1182861328125,860.9598086431791,837.2531695331893,856.6268945992672,129410
2023-09-18,840.6398315429688,861.3582366397953,835.6594427795122,846.1182591827709,73149
2023-09-20,845.0225830078125,855.9296471504875,836.8547936293664,842.1837855769825,91441
2023-09-21,835.808837890625,847.6621877485395,832.2229822137541,844.9229738633356,46272
2023-09-22,830.7288818359375,845.5206127877323,826.4955512030805,832.222998529887,57824
2023-09-25,836.157470703125,840.0421374102795,824.7025766972215,833.0198015049428,105699
2023-09-26,818.3775024414062,838.7970974980933,813.4469659301838,827.7406581515588,192169
2023-09-27,815.1900634765625,839.643760336637,810.9068804699866,825.7484634191052,285342
2023-09-28,817.3316040039062,841.5362817146731,812.7994622985266,824.7523955676226,200945
2023-09-29,808.068115234375,823.8559240457641,803.1873096961638,818.775951584168,172367
2023-10-03,829.0355224609375,837.7014112885928,801.0955529475038,805.8269223929507,152861
2023-10-04,818.3276977539062,833.6673200670521,811.006550301947,826.7445672543837,62356
2023-10-05,842.8312377929688,846.4668852121989,815.8374934798277,824.6528183095289,346265
2023-10-06,840.1915893554688,851.6464835790466,835.7590311706712,847.6621725447586,79864
2023-10-09,839.843017578125,846.1680872611239,819.7720256808769,837.651634268914,89080
2023-10-10,852.34375,855.3817750038892,836.6057335768392,839.8429862915555,137024
2023-10-11,850.8496704101562,856.6269095011273,846.6661314836723,856.6269095011273,158575
2023-10-12,855.6307983398438,866.239050833142,838.6974763703707,852.2441096276444,149890
2023-10-13,865.0437622070312,871.4684760620889,844.5743759396953,846.666114964243,101639
2023-10-16,905.7833251953125,911.2119613769531,871.5680770049112,874.5563104117851,363540
2023-10-17,952.6986083984375,980.9373892486028,897.9641220238541,898.4621609157143,869467
2023-10-18,950.3079833984375,969.0840858223972,942.4390055004377,960.2189693595899,197336
2023-10-19,952.1008911132812,967.0919098573811,937.3589526019439,937.3589526019439,209397
2023-10-20,941.84130859375,958.426027524223,933.2750642234871,943.5346529355261,175155
2023-10-23,910.3154907226562,965.199351073221,900.8527519866443,938.2056680498495,210460
2023-10-25,887.7543334960938,946.273903866804,877.7935555606537,928.3445035830118,176046
2023-10-26,903.8908081054688,915.6445139386755,849.6543599561492,871.5680714673277,167245
2023-10-27,948.8139038085938,955.2386178290578,912.4072720869833,916.3417915875593,318791
2023-10-30,931.6315307617188,966.1954417120123,926.0037278106477,952.6986000204455,258382
2023-10-31,898.711181640625,944.2817403106817,890.4935399132378,931.6315402802783,310936
2023-11-01,909.2695922851562,915.7939504893335,901.6496336188161,906.1817754340794,73702
2023-11-02,910.0166015625,917.885640049432,904.0899876290661,910.4150569779499,58423
2023-11-03,911.759765625,926.3025375950803,907.2774156443971,912.0087850683668,78826
2023-11-06,900.4542846679688,940.8452252115667,897.5656348789374,921.3719173870255,192649
2023-11-07,902.8947143554688,918.0351087457251,900.2550839245041,914.3496088066328,88998
2023-11-08,911.9091796875,920.375840558438,906.1319408994239,907.4268298146504,68664
2023-11-09,918.5331420898438,930.7848865305828,908.4229283821975,909.4190061545463,61650
2023-11-10,927.198974609375,934.3209550348218,919.3797883764825,929.3405661487087,59988
2023-11-13,945.72607421875,949.9594048456953,931.2331544668309,947.5687938204089,120938
2023-11-15,962.0119018554688,964.2032851171602,945.3275991429558,951.2542740567025,104321
2023-11-16,948.6644897460938,971.9726730198022,934.8189844644895,971.1758229652396,131444
2023-11-17,932.1793823242188,960.1692049069878,921.3719625413635,947.8178159016412,92133
2023-11-20,939.3013305664062,958.2268080645629,928.3444751727366,937.1099473285199,141595
2023-11-21,936.2135009765625,952.399764404264,931.3326956862127,946.3236536554856,41760
2023-11-22,910.9131469726562,955.2386090177991,906.4307968782035,936.2135473796502,55487
2023-11-23,873.7594604492188,902.9943196321824,863.1014158040836,876.548466136865,2406114
2023-11-24,882.77392578125,893.6809895480806,872.6637120731795,877.0464785900035,245966
2023-11-28,856.8759155273438,886.4096462047141,844.0264877678263,882.524918520461,385558
2023-11-29,860.4119873046875,878.241804156453,855.4315983288607,857.1249427397946,196773
2023-11-30,894.9260864257812,910.3652918920095,862.5037671058545,864.5457143793323,388804
2023-12-01,916.04296875,926.35234961287,885.6127434675037,909.4190270930648,264212
2023-12-04,942.2398071289062,950.2582212602618,915.395498258051,936.2633403285272,220572
2023-12-05,956.832275390625,959.3224697996113,936.3628895079092,936.3628895079092,235348
2023-12-06,947.4691772460938,966.1954269704933,920.375850021377,957.2307271326226,272250
2023-12-07,1021.527587890625,1033.9287072747975,947.3197345207092,954.1926953324588,1084648
2023-12-08,1032.2354736328125,1053.8503132741298,1005.7895593842652,1021.9758236476911,603400
2023-12-11,1015.9495239257812,1045.7820650102835,1001.3071686880766,1032.235431786526,353225
2023-12-12,1014.2064208984375,1032.086029440295,1001.6558042303341,1023.9679711097866,270245
2023-12-13,981.8836669921875,1030.9404974252236,976.2060115138815,1005.2914947115041,302914
2023-12-14,1004.39501953125,1013.9574028336756,993.139352615181,995.4303193828432,189143
2023-12-15,1032.5841064453125,1047.8738768124347,1001.9048606548756,1006.0386079663109,524796
2023-12-18,1019.435791015625,1037.9130212208165,1010.471091216213,1037.9130212208165,210542
2023-12-19,996.5260009765625,1033.0820667012092,992.2926705227927,1019.734600481607,233709
2023-12-20,987.660888671875,1018.9875463165155,979.0946442723672,1004.0463799482382,208881
2023-12-21,985.5193481445312,1013.0110696697724,975.4091346844882,983.6765678333588,112808
2023-12-22,990.6989135742188,1000.4106717126182,947.2699476531166,987.9099080115743,256338
2023-12-26,955.2883911132812,1009.5248388682674,950.457438156292,990.6989443431438,461949
2023-12-27,956.9319458007812,968.6856515733151,951.4535179512665,965.199379305442,162997
2023-12-28,937.7076416015625,968.0381612104114,932.1295695847101,962.2111305455987,218649
2023-12-29,926.451904296875,946.5726872957507,921.322140287967,946.5726872957507,241007
2024-01-01,928.693115234375,940.0484265059714,923.7625787465313,927.3484345187385,84437
2024-01-02,954.0432739257812,961.1652542844988,917.5370602100742,934.3209462807139,280010
2024-01-03,951.6029052734375,959.720963690422,940.2974465218042,951.2543023605116,79189
2024-01-04,938.0562744140625,975.1601727118314,932.3288270258163,959.2727195365868,154023
2024-01-05,945.8754272460938,955.2385826140041,934.320949418077,942.9868381869708,95585
2024-01-08,932.5280151367188,945.0287789200663,928.942098707628,944.2817205968094,70863
2024-01-09,933.3746948242188,945.2280450195877,927.0994168131617,937.1099865922008,70069
2024-01-10,938.8530883789062,945.2778021437778,929.041746679175,935.2672327312284,81322
2024-01-11,967.8389892578125,979.9412976823414,931.4322981382726,931.4322981382726,162234
2024-01-12,971.0762329101562,983.2781854747784,966.1954275660026,966.8926941574191,121349
2024-01-15,971.0762329101562,971.0762329101562,971.0762329101562,971.0762329101562,0
2024-01-16,952.3001708984375,972.3711629366433,947.4194261437616,964.1535210662128,79460
2024-01-17,961.2150268554688,974.2138293081962,939.9487912531885,950.2581716270645,141973
2024-01-18,980.0907592773438,999.0660291270344,954.0930923310763,961.2150728889216,396608
2024-01-19,1005.19189453125,1056.8385020026112,985.1209033747242,986.1169811334449,1157175
2024-01-23,986.465576171875,998.8169645999167,965.1993405109142,981.1365845234783,193562
2024-01-24,993.1891479492188,997.9703700156606,961.2648666862733,995.081720083499,176320
2024-01-25,960.717041015625,998.8668087122508,948.2660684778383,995.0817252199164,153851
2024-01-29,982.4812622070312,1005.7895058234477,966.4942265142732,969.1836485924383,381114
2024-01-30,969.3828735351562,988.607161853354,954.2424796529099,987.2624812159887,105453
2024-01-31,980.8377685546875,988.6071628136172,971.3750299685622,976.0067550095775,150608
2024-02-01,986.1170043945312,996.02799048674,974.7119016289973,980.8378043079354,90222
2024-02-02,977.8993530273438,1006.0385500968853,958.7746476386267,1000.0620834626463,216725
2024-02-05,967.7891235351562,978.0985647885326,956.3342293396902,978.0985647885326,251927
2024-02-06,965.4981689453125,985.6189520301951,951.7523078977781,970.1797466168873,290013
2024-02-07,991.3961791992188,1007.0346121403729,966.1954241109413,966.1954241109413,199725
2024-02-08,994.9821166992188,1005.4907250972979,988.158947442895,995.0817001587073,194364
2024-02-09,979.6922607421875,1001.0581406800329,968.1875748666588,996.0777519204308,187150
2024-02-12,949.3616943359375,983.1287549173614,926.5017582457452,979.6922744659447,105958
2024-02-13,950.5570068359375,957.7287789623589,943.584462423315,949.2621178898887,68800
2024-02-14,931.6315307617188,957.7785723544407,928.8425251509809,936.3131084631873,82008
2024-02-15,925.5056762695312,945.5268149542073,918.4832794154584,932.3287846164214,128796
2024-02-16,935.3170166015625,947.1703662633801,931.3327055617262,933.3248610816444,100965
2024-02-19,879.4370727539062,941.2934769188398,872.5641119374642,941.2934769188398,483580
2024-02-20,925.2566528320312,933.3248583457444,885.5629177365616,888.5013592789796,585925
2024-02-21,911.8096313476562,936.2633288810648,903.4425536111221,926.1531150157331,159677
2024-02-22,943.1860961914062,950.2582242759931,922.3680457857124,931.3327460147312,288732
2024-02-23,955.3381958007812,959.2229235477852,939.6998229423768,943.2856787121002,283608
2024-02-26,924.6091918945312,951.2542722965551,916.4911337341142,945.8754280092435,137929
2024-02-27,898.063720703125,926.3523545584856,893.382203676914,921.5711932747558,118601
2024-02-28,884.76611328125,905.8829749777657,881.0308214998769,899.458260954651,162050
2024-02-29,864.7947387695312,892.4856888307986,859.8641416106996,885.513144386808,340553
2024-03-01,903.1437377929688,912.5068324735101,866.1394238449113,870.5719821373722,204677
2024-03-04,890.4437255859375,916.2919556134551,887.5052840351984,904.6378336639416,73485
2024-03-05,863.0018310546875,890.0453068728116,858.6190644122358,877.096295460562,158730
2024-03-06,826.8441162109375,865.3923373069426,821.7641440026799,865.3923373069426,250100
2024-03-07,865.392333984375,904.0899909126557,832.621412602575,832.621412602575,599086
2024-03-11,849.8535766601562,865.5418017432444,844.9727712048903,865.3425740274812,117550
2024-03-12,841.2374877929688,861.6072908159198,829.8822374319282,854.6347462659644,133710
2024-03-13,814.7916259765625,871.5680595715063,812.7994704118277,843.727673395184,120968
2024-03-14,812.2018432617188,837.8508460061299,809.8610240095285,811.8531795624924,257196
2024-03-15,820.0210571289062,833.268879843503,808.3669345920937,814.2438179897322,173997
2024-03-18,840.8888549804688,848.8574770398985,813.7955278192555,820.021013803185,148398
2024-03-19,843.8273315429688,872.9626071568758,833.8665535553082,846.6661289511463,232684
2024-03-20,869.775146484375,874.5563077617328,847.2139600125349,848.0108100928005,125606
2024-03-21,863.1511840820312,887.007258961138,859.6649118682592,870.4225396830317,172153
2024-03-22,877.0962524414062,882.5248883494348,863.1511639121827,868.480216363307,90422
2024-03-26,892.7346801757812,904.4385936955196,876.5484167974198,886.5091942610269,157290
2024-03-27,911.958984375,918.3836981098667,888.5511569285989,894.4778317816272,94120
2024-03-28,894.2786254882812,918.3837201057407,875.6519587022551,918.3837201057407,373031
2024-04-01,916.1425170898438,929.2907556426746,904.9864340512065,911.4111477436336,120059
2024-04-02,941.7417602539062,947.2699798382893,906.4307903815386,922.965657404259,88573
2024-04-03,926.3523559570312,942.0903730711269,919.4296030732534,933.2253171098569,251122
2024-04-04,949.5111694335938,978.4970092962662,924.7586602502738,936.313138492083,299418
2024-04-05,956.2844848632812,960.7668349873383,943.6841371031129,951.2543041054367,156564
2024-04-08,947.3197631835938,979.0946687735815,944.7797769965774,956.2346714989081,126699
2024-04-09,932.7770385742188,958.1770216737801,927.8962331897236,947.3197496776235,54681
2024-04-10,896.270751953125,934.4205178174227,891.4895908874063,926.3523123187574,145644
2024-04-12,895.2249145507812,905.2354841899432,880.3335394180161,896.2707840720495,258292
2024-04-15,893.5813598632812,900.454320923146,850.6504314915561,860.6112093778742,112130
2024-04-16,882.82373046875,901.4503972450095,877.0962831934364,896.4700083099542,200314
2024-04-18,877.8433227539062,891.4398085740415,866.5876561606275,878.5405893490499,236063
2024-04-19,876.7974853515625,881.1303994726538,862.8026043903639,871.518285159266,95856
2024-04-22,862.4539184570312,887.9535460126764,853.8876738975077,878.7398265801281,194581
2024-04-23,854.0869140625,874.4068645216892,851.1982641502593,868.5300420321759,176205
2024-04-24,872.7633666992188,883.4214111496048,858.6688417340954,859.0175054360329,297082
2024-04-25,863.0018310546875,877.7935620803745,858.6190644122358,872.0661147249565,325820
2024-04-26,869.3766479492188,878.5405754074052,864.3464674714012,867.7331561393487,75908
2024-04-29,881.7280883789062,886.9077051430555,871.5680825714913,873.0124075531913,321538
2024-04-30,908.9707641601562,912.9052835424322,876.4488611857204,884.4174834097678,212456
2024-05-02,886.8080444335938,916.3915669609421,879.5366887244694,906.4805807895488,106011
2024-05-03,898.063720703125,903.8908123140966,880.5825674617387,897.4660983410704,160032
2024-05-06,894.7766723632812,911.3613919919492,889.597055662754,898.0637169323084,80111
2024-05-07,874.6060791015625,896.4699984450128,865.4421514027498,894.7766540665752,96428
2024-05-08,888.3519287109375,896.3704033405788,870.4225289749658,871.7672704326208,62892
2024-05-09,845.8194580078125,895.4739102477388,842.482561019421,892.7346963954793,368175
2024-05-10,814.4927978515625,860.6111860563072,812.7994534976235,860.6111860563072,473184
2024-05-13,787.9971313476562,821.0171350747937,779.9289254031708,816.7838043813538,323891
2024-05-14,824.40380859375,829.3343450259042,777.9367552940521,804.8308556691345,325911
2024-05-15,826.3460693359375,840.6398213919116,819.8217722937453,829.2347191021652,108313
2024-05-16,824.90185546875,841.3371391902767,801.9422135120665,830.7288862880765,298442
2024-05-17,837.850830078125,846.1182633066045,826.7445387631824,837.2531469461404,119031
2024-05-21,816.2359619140625,846.6661264161002,812.7994813594561,840.4904319230887,98881
2024-05-22,817.1822509765625,828.4877096818688,812.4010289026528,828.4877096818688,121513
2024-05-23,814.7418212890625,824.7523906834961,811.8033797186586,816.2857296680253,66620
2024-05-24,800.1990356445312,825.4994347970375,797.8582772517973,815.7876767406017,133549
2024-05-27,815.2896728515625,827.4418340745992,801.792830927467,801.792830927467,178164
2024-05-28,805.378662109375,819.3237507739714,802.1414093836652,816.7837646406437,230618
2024-05-29,811.7037963867188,815.7876909118063,803.8347577116333,806.8229910116765,102364
2024-05-30,810.209716796875,816.4352031233947,797.4100804320917,811.8034169781581,115171
2024-05-31,814.7418212890625,819.2739629676032,801.8426020533989,814.7916130182364,145599
2024-06-03,813.7457275390625,843.3790405111567,804.7810278164122,836.7053074473648,468324
2024-06-04,812.4010009765625,831.7249339396938,773.6038206587397,825.9476950607021,249126
2024-06-05,808.068115234375,825.7484961840331,774.9983201158617,812.4508818725959,210209
2024-06-06,863.4500122070312,875.5025900030066,824.7524141927425,824.7524141927425,861284
2024-06-07,854.3499755859375,865.0,844.0499877929688,862.0,260560
2024-06-10,864.5999755859375,874.9500122070312,851.1500244140625,867.0999755859375,232333
2024-06-11,924.5,963.0,873.25,890.0,3003065
2024-06-12,966.4500122070312,973.0,913.3499755859375,932.7999877929688,849302
2024-06-13,1022.0999755859375,1063.800048828125,966.5499877929688,970.5,3309271
2024-06-14,1072.300048828125,1084.550048828125,1020.0,1022.0999755859375,842274
2024-06-18,1069.199951171875,1092.5,1051.8499755859375,1063.0,806619
2024-06-19,1074.6500244140625,1083.0,1051.6500244140625,1060.0,365914
2024-06-20,1042.449951171875,1080.0,1031.050048828125,1080.0,246316
2024-06-21,1050.050048828125,1063.0,1025.0,1042.449951171875,157540
2024-06-24,1011.9500122070312,1050.75,999.6500244140625,1008.0,100170
2024-06-25,1012.5499877929688,1047.0,998.5,1012.0,123520
2024-06-26,1047.3499755859375,1054.949951171875,1015.5,1021.7999877929688,167018
2024-06-27,1020.0499877929688,1068.0,1014.0499877929688,1049.949951171875,133983
2024-06-28,1035.5,1045.300048828125,1010.0499877929688,1022.9500122070312,159329
2024-07-01,1126.300048828125,1195.0,1029.550048828125,1045.0999755859375,1323585
2024-07-02,1098.5,1135.9000244140625,1090.25,1135.9000244140625,271265
2024-07-03,1121.5,1139.0,1088.050048828125,1107.6500244140625,227910
2024-07-04,1068.699951171875,1116.4000244140625,1060.0,1109.9000244140625,242931
2024-07-05,1055.699951171875,1091.75,1035.9000244140625,1067.0,146109
2024-07-08,1049.25,1086.949951171875,1040.0999755859375,1056.0,179096
2024-07-09,1039.6500244140625,1086.699951171875,1032.25,1086.699951171875,95409
2024-07-10,1054.8499755859375,1112.0,1038.4000244140625,1048.300048828125,440293
2024-07-11,1054.550048828125,1075.449951171875,1045.0,1045.0,114621
2024-07-12,1060.25,1070.0,1039.0,1060.0999755859375,89911
2024-07-15,1098.5999755859375,1103.0,1055.0,1060.1500244140625,200092
2024-07-16,1074.449951171875,1135.949951171875,1066.949951171875,1100.9000244140625,277055
2024-07-18,1099.449951171875,1109.9000244140625,1076.0,1081.550048828125,302204
2024-07-19,1078.0999755859375,1100.0,1068.949951171875,1100.0,159237
2024-07-22,1099.5,1128.0,1065.3499755859375,1075.0,188601
2024-07-23,1062.9000244140625,1142.300048828125,1044.9000244140625,1105.25,433955
2024-07-24,1041.5999755859375,1085.1500244140625,1031.050048828125,1073.5,154813
2024-07-25,1030.0999755859375,1055.4000244140625,1022.0499877929688,1040.0,124439
2024-07-26,1061.5,1140.0,1030.0,1049.0,2050775
2024-07-29,1077.25,1095.949951171875,1051.699951171875,1051.699951171875,214328
2024-07-30,1054.3499755859375,1089.3499755859375,1049.75,1087.0,118674
2024-07-31,1040.0999755859375,1065.699951171875,1035.3499755859375,1055.699951171875,166680
2024-08-01,1025.3499755859375,1057.199951171875,1008.2999877929688,1050.0,199708
2024-08-02,1026.0999755859375,1035.0,1003.0499877929688,1009.7000122070312,180512
2024-08-05,981.2000122070312,1039.949951171875,977.1500244140625,1006.0,293358
2024-08-06,1040.75,1049.0,1006.2999877929688,1007.25,479674
2024-08-07,1011.5499877929688,1041.8499755859375,1007.0499877929688,1041.8499755859375,173516
2024-08-08,1027.3499755859375,1042.0,1011.6500244140625,1011.6500244140625,170924
2024-08-09,1044.199951171875,1052.0,1031.5999755859375,1033.6500244140625,178090
2024-08-12,1015.5499877929688,1030.0,995.25,1001.0,205399
2024-08-13,1012.0499877929688,1028.8499755859375,998.6500244140625,1028.8499755859375,64442
2024-08-14,992.6500244140625,1027.800048828125,990.0,1019.9500122070312,203010
2024-08-16,1006.4500122070312,1022.5499877929688,999.6500244140625,999.6500244140625,57146
2024-08-19,1019.1500244140625,1045.949951171875,1012.5,1022.0,176999
2024-08-20,1032.949951171875,1046.0,1020.2000122070312,1027.050048828125,565890
2024-08-21,1044.9000244140625,1088.199951171875,1040.0,1041.4000244140625,352289
2024-08-22,1048.199951171875,1071.0,1043.949951171875,1053.449951171875,113217
2024-08-23,1054.050048828125,1068.550048828125,1042.5,1053.550048828125,121729
2024-08-26,1092.75,1110.0,1067.949951171875,1069.8499755859375,424824
2024-08-27,1099.300048828125,1109.550048828125,1071.050048828125,1094.75,271778
2024-08-28,1095.75,1124.9000244140625,1090.300048828125,1111.0,188992
2024-08-29,1109.0999755859375,1122.5,1100.300048828125,1100.300048828125,155387
2024-08-30,1153.0,1170.0,1104.050048828125,1105.1500244140625,692061
2024-09-02,1142.25,1182.5999755859375,1115.0,1175.0,166391
2024-09-03,1129.050048828125,1157.0,1119.75,1150.5,141282
2024-09-04,1121.5,1147.949951171875,1117.3499755859375,1119.75,181925
2024-09-05,1178.3499755859375,1190.0,1115.25,1121.550048828125,753891
2024-09-06,1145.6500244140625,1219.050048828125,1138.0999755859375,1185.0,386068
2024-09-09,1084.300048828125,1147.050048828125,1075.050048828125,1145.949951171875,254632
2024-09-10,1065.550048828125,1101.9000244140625,1060.25,1090.050048828125,174766
2024-09-11,1108.6500244140625,1121.25,1058.6500244140625,1069.0,414037
2024-09-12,1129.0,1165.0,1107.75,1108.699951171875,318671
2024-09-13,1203.1500244140625,1274.0,1134.9000244140625,1134.9000244140625,7458477
2024-09-16,1187.4000244140625,1242.6500244140625,1176.0,1209.0,561851
2024-09-17,1175.0,1189.800048828125,1137.550048828125,1184.0,756526
2024-09-18,1230.050048828125,1250.0,1146.949951171875,1175.0,581495
2024-09-19,1213.3499755859375,1229.0,1166.0999755859375,1211.1500244140625,380621
2024-09-20,1268.5,1288.0,1191.6500244140625,1217.949951171875,1612179
2024-09-23,1296.449951171875,1314.9000244140625,1256.550048828125,1267.949951171875,347815
2024-09-24,1340.75,1369.5999755859375,1295.050048828125,1296.449951171875,937661
2024-09-25,1302.9000244140625,1349.0,1290.1500244140625,1320.0,180955
2024-09-26,1297.0999755859375,1306.0,1266.6500244140625,1305.0,504629
2024-09-27,1205.75,1295.0,1195.699951171875,1289.0,396581
2024-09-30,1186.4000244140625,1220.0,1171.1500244140625,1194.75,458316
2024-10-01,1184.449951171875,1225.0,1165.199951171875,1195.0,288589
2024-10-03,1182.050048828125,1190.949951171875,1155.0,1167.050048828125,199462
2024-10-04,1247.8499755859375,1265.0,1171.300048828125,1175.0,2539961
2024-10-07,1240.0,1297.0,1228.0,1247.0,1093627
2024-10-08,1283.8499755859375,1295.0,1230.0,1231.0,552008
2024-10-09,1309.3499755859375,1383.300048828125,1263.25,1282.699951171875,1359144
2024-10-10,1241.6500244140625,1309.0,1236.0,1309.0,456075
2024-10-11,1216.6500244140625,1240.949951171875,1206.0,1235.0,248733
2024-10-14,1214.550048828125,1229.949951171875,1188.0,1226.0,201414
2024-10-15,1200.199951171875,1213.5,1193.75,1210.5,118646
2024-10-16,1209.75,1225.449951171875,1190.550048828125,1193.949951171875,165416
2024-10-17,1200.8499755859375,1243.4000244140625,1192.050048828125,1220.0,277879
2024-10-18,1171.0,1206.5,1160.5999755859375,1200.8499755859375,159781
2024-10-21,1124.5,1177.199951171875,1115.800048828125,1174.949951171875,196465
2024-10-22,1102.3499755859375,1160.0,1092.6500244140625,1130.0,249114
2024-10-23,1115.25,1136.550048828125,1087.5,1098.699951171875,202286
2024-10-24,1113.0,1126.6500244140625,1081.800048828125,1125.8499755859375,230486
2024-10-25,1102.0,1215.0,1085.449951171875,1149.0,3519918
2024-10-28,1103.050048828125,1118.0,1095.050048828125,1103.8499755859375,149144
2024-10-29,1185.300048828125,1203.0,1103.0999755859375,1115.9000244140625,1328086
2024-10-30,1210.6500244140625,1254.0,1169.75,1184.949951171875,610708
2024-10-31,1179.800048828125,1207.949951171875,1175.800048828125,1200.0,117483
2024-11-01,1191.5999755859375,1201.949951171875,1180.0999755859375,1180.0999755859375,20443
2024-11-04,1148.1500244140625,1189.050048828125,1139.050048828125,1188.699951171875,93952
2024-11-05,1147.3499755859375,1190.949951171875,1142.199951171875,1148.1500244140625,111108
2024-11-06,1166.449951171875,1189.949951171875,1147.0,1159.0,188499
2024-11-07,1142.949951171875,1185.0,1136.0,1177.75,103253
2024-11-08,1092.1500244140625,1147.4000244140625,1088.0,1142.0,224740
2024-11-11,1061.300048828125,1099.9000244140625,1053.0,1099.9000244140625,131726
2024-11-12,1048.1500244140625,1085.75,1044.300048828125,1067.300048828125,169573
2024-11-13,1027.949951171875,1052.75,1017.0499877929688,1048.1500244140625,314871
2024-11-14,1049.199951171875,1067.9000244140625,1029.3499755859375,1029.3499755859375,83997
2024-11-18,1049.199951171875,1054.0,1028.550048828125,1032.0999755859375,121927
2024-11-19,1052.0,1080.0,1036.0999755859375,1052.199951171875,97640
2024-11-21,1069.5999755859375,1085.550048828125,1052.0,1052.0,218394
2024-11-22,1086.699951171875,1091.0,1071.0,1074.0,49825
2024-11-25,1143.5,1153.4000244140625,1092.550048828125,1092.550048828125,164789
2024-11-26,1108.949951171875,1147.949951171875,1100.0,1143.5,201918
2024-11-27,1094.5,1119.949951171875,1082.9000244140625,1082.9000244140625,113230
2024-11-28,1092.449951171875,1115.75,1082.9000244140625,1094.5,77090
2024-11-29,1052.1500244140625,1095.5,1047.0,1087.0,274333
2024-12-02,1074.75,1089.050048828125,977.9000244140625,994.9000244140625,4506172
2024-12-03,1050.699951171875,1116.449951171875,1032.1500244140625,1069.6500244140625,1101043
2024-12-04,1058.550048828125,1066.3499755859375,1041.199951171875,1050.0,902710
2024-12-05,1052.9000244140625,1081.6500244140625,1048.550048828125,1058.050048828125,543565
2024-12-06,1045.699951171875,1058.0,1028.199951171875,1057.699951171875,241989
2024-12-09,1036.25,1057.949951171875,1023.0499877929688,1036.0,337898
2024-12-10,1022.25,1036.699951171875,1003.1500244140625,1023.0499877929688,580430
2024-12-11,1029.8499755859375,1035.0,1005.4500122070312,1025.0,730788
2024-12-12,1040.0999755859375,1047.5,1016.0499877929688,1034.3499755859375,311135
2024-12-13,1053.4000244140625,1061.5999755859375,1022.1500244140625,1040.0,291377
2024-12-16,1050.800048828125,1058.699951171875,1029.949951171875,1055.0,205387
2024-12-17,1038.449951171875,1055.800048828125,1022.5,1055.800048828125,185941
2024-12-18,1004.5999755859375,1051.800048828125,1000.0,1027.5,396881
2024-12-19,1031.75,1037.0,991.2999877929688,1004.5999755859375,195558
2024-12-20,1000.0999755859375,1038.800048828125,998.0,1025.0,186902
2024-12-23,1000.25,1015.6500244140625,983.0499877929688,1004.0,152561
2024-12-24,1003.7999877929688,1012.4500122070312,990.0,1003.0,107039
2024-12-26,1002.5499877929688,1010.9500122070312,988.0999755859375,1001.0999755859375,84270
2024-12-27,1029.9000244140625,1032.9000244140625,1000.9000244140625,1017.0,143343
2024-12-30,1051.25,1113.199951171875,1014.0,1022.5999755859375,890256
2024-12-31,1055.550048828125,1074.949951171875,1046.949951171875,1058.4000244140625,218304
2025-01-01,1045.0,1060.9000244140625,1041.0,1055.550048828125,38994
2025-01-02,1076.1500244140625,1083.9000244140625,1036.199951171875,1045.0,149177
2025-01-03,1068.050048828125,1094.0,1065.050048828125,1070.0,132934
2025-01-06,1036.6500244140625,1081.25,1017.5499877929688,1068.050048828125,282439
2025-01-07,1061.300048828125,1072.6500244140625,1032.0999755859375,1044.949951171875,140084
2025-01-08,1054.699951171875,1066.5999755859375,1023.25,1061.0,374160
2025-01-09,1041.0,1069.949951171875,1030.0999755859375,1069.949951171875,189436
2025-01-10,1036.699951171875,1055.0,1005.2000122070312,1044.0999755859375,153328
2025-01-13,1018.4000244140625,1036.6500244140625,999.2000122070312,1036.6500244140625,291557
2025-01-14,1041.1500244140625,1053.4000244140625,1002.1500244140625,1020.0,1211993
2025-01-15,1027.25,1074.9000244140625,1022.7000122070312,1055.0,281093
2025-01-16,1048.449951171875,1057.449951171875,1032.25,1032.25,250420
2025-01-17,1030.199951171875,1073.050048828125,1020.0,1055.0,495930
2025-01-20,1038.199951171875,1072.449951171875,1026.199951171875,1028.5,503464
2025-01-21,1020.4000244140625,1051.1500244140625,1015.0999755859375,1044.0,298964
2025-01-22,987.4500122070312,1029.949951171875,973.75,1021.6500244140625,191450
